EVENT_ID,MENU_HINT,EVENT_NAME,EVENT_DT,SELECTION_ID,SELECTION_NAME,WIN_LOSE,BSP,PPWAP,MORNINGWAP,PPMAX,PPMIN,IPMAX,IPMIN,MORNINGTRADEDVOL,PPTRADEDVOL,IPTRADEDVOL
116489908,GB / Daily Win Dist Odds,Huntingdon,22-11-2014 12:00,2742750,36 - 49 lengths inclusive,0,,3,1,1,1001,1,1001,0,7.92,0
116436315,GB / Hayd 22nd Nov,3m5f Hcap Chs,22-11-2014 12:45,3394546,Wellforth,0,10.893719290718655,10.8464854248232133859416017625601669569,9.64177951304593866092509935492318414339,14,7.8,1000,9.8,4370.3,35312.1,4832.82
116436319,GB / Hayd 22nd Nov,2m Hrd,22-11-2014 13:50,6707882,Hawk High,0,33.38905652750255,31.498608319581715308476176707200037336,24.9036325438480219095465561948334934593,38,21.46,1000,21,1337.02,24120.34,2271.78
116436321,GB / Hayd 22nd Nov,3m Grd3 Hcap Hrd,22-11-2014 14:25,5099863,Awaywiththegreys,0,134.5034868335747,83.3675575537746650723226464697582065685,61.7797759779056619553576225027636353048,150,42,1000,110,1197.58,6510.26,533.14
116436321,GB / Hayd 22nd Nov,3m Grd3 Hcap Hrd,22-11-2014 14:25,6794534,Oscar Rock,0,16.01386717075657,13.0699054772639303123529261130454196068,14.1946437296938866301338565714555513491,25,13,1000,13.5,28662.86,92427.22,4589.28
116436321,GB / Hayd 22nd Nov,3m Grd3 Hcap Hrd,22-11-2014 14:25,7928039,Volnay De Thaix,0,4.3,4.57435639519278444009738600075677167922,5.4090198903394361810184911356172977901,5.8,4.1,1000,1.83,72394.6,452831.06,118983.02
116461918,GB / Ling 22nd Nov,7f Hcap,22-11-2014 14:00,3861916,Rockys Pride,0,5.982526286556823,5.49722069957190562070710505769672157297,6.2724256839663347089026649639211555483,6.8,4.7,1000,4.6,648.02,106096.78,5122.68
116461910,GB / Ling 22nd Nov,1m Sell Stks,22-11-2014 11:50,9003833,Tokomaro,0,5.9,6.89416882817302593279055378174782815883,10.888566042615277068055502313180963702,12,5.9,1000,5.8,552.76,32538.76,2219.6
116461912,GB / Ling 22nd Nov,5f Mdn Stks,22-11-2014 12:20,8719464,Dippinganddiving,0,991.252021043,578.33838710745031261099256711086578597,139.182549589211519925253268473995720123,1000,60,1000,560,17.9,1250.78,129.8
116461914,GB / Ling 22nd Nov,7f Cond Stks,22-11-2014 12:55,8775353,Qatar Road,0,11.5,10.0751875032301946136118628107920095873,9.30843886698702157428712869989877099088,13,8,1000,8,841.84,50821.82,2908.52
116461914,GB / Ling 22nd Nov,7f Cond Stks,22-11-2014 12:55,8528941,Four Seasons,1,2.08,2.06881466565267960725735491271214833257,2.77367390407549452749273689644785911486,3,1.91,4,1.01,7647.62,507604.22,121378.68
116461916,GB / Ling 22nd Nov,7f Hcap,22-11-2014 13:25,7539768,Genax,0,12.150980312,9.31712236902929256768746725577497761377,6.77937934718882495351886210885136964627,14,5.2,1000,8,1356.76,52508.96,1963.08
116461916,GB / Ling 22nd Nov,7f Hcap,22-11-2014 13:25,6516094,Wotalad,0,7.4,6.36101832486760643184618860285788614572,8.07762949803277483448528486501739284742,8.4,5.8,1000,4.9,425.5,62113.04,3973.38
116461920,GB / Ling 22nd Nov,1m Hcap,22-11-2014 14:35,8797734,Santa Teresa,0,3.18007386248511,3.19081703377667921621093847743731865301,3.36308102524254473409098370056490048481,4.1,2.82,1000,2.8,9630.82,300951.2,25630.16
116461924,GB / Ling 22nd Nov,6f Hcap,22-11-2014 15:45,4657159,Reginald Claude,0,10.5,9.86048727549888539440685481113627540116,6.02195148399421996377235851720182482621,12,8,95,9.4,318.8,52716.24,2125.16
116462726,GB / Wolv 22nd Nov,6f Hcap,22-11-2014 17:45,3043251,Macdillon,0,44,27.0756272583101460566073459114710340739,18.0421795117930897447954600502171895912,48,22,700,55,44.68,4972.88,100.44
116462726,GB / Wolv 22nd Nov,6f Hcap,22-11-2014 17:45,7333189,Pensax Lad,0,34,27.5668273903192385764721270723504291838,13.5926294370482547870359604793472642566,40,20,570,85,60.84,6108.08,133.64
116462734,GB / Wolv 22nd Nov,1m Mdn Stks,22-11-2014 19:45,9011180,Malaf,1,1.78,1.92997985347652059542725328753844869454,3.25206753652923291417509654416722090622,3.35,1.75,1.9,1.01,1778.68,444475.24,70750.56
116462734,GB / Wolv 22nd Nov,1m Mdn Stks,22-11-2014 19:45,8966065,Parole,0,47.84716680253449,46.0774110206201163867406248459536708676,19.4657814017444501819701862567344142537,60,25,1000,42,18.98,5215.8,298.8
116462728,GB / Wolv 22nd Nov,5f Hcap,22-11-2014 18:15,7327229,Sleepy Sioux,0,12.5,11.4084994496149069847115317298929200174,9.79325435501017605233083563763761350931,15.5,9,34,11.5,260.9,24616.28,519.18
116462736,GB / Wolv 22nd Nov,2m Hcap,22-11-2014 20:15,4054164,Artisan,0,5.7,7.09468811101618033602731317621838404109,8.05644923247994140643240676238928236316,12.5,5.7,200,5,95.96,67626.42,4768.9
116462738,GB / Wolv 22nd Nov,1m Claim Stks,22-11-2014 20:45,5665111,Idyllic Star,0,28,25.6444427683139805866805190279474788172,17.2123480602920833360535129869219616855,38,16.78,1000,13,24.14,13528.54,1080.12
116462738,GB / Wolv 22nd Nov,1m Claim Stks,22-11-2014 20:45,2419612,Toto Skyllachy,0,7.8,6.39716643712106925378416439631841210807,3.39847273255192736785335684503633431917,8,3.25,600,6.2,245.94,62147.22,1930.72
116462740,GB / Wolv 22nd Nov,1m4f Hcap,22-11-2014 21:15,1220025,Bold And Free,0,42,33.2363362313758493394219299190091979265,16.8747151210213736709852134108066097068,60,18.5,1000,44,22,7201.88,169.92
116462740,GB / Wolv 22nd Nov,1m4f Hcap,22-11-2014 21:15,4764322,Aldo,0,6.895421449865098,5.32944499865151447766694652306299246133,8.96720164030780529976958808308875088074,12,4.3,1000,2,319.12,118650,8048.84
116473778,GB / Ascot 22nd Nov,2m6f Nov Hrd,22-11-2014 12:25,8486519,Parish Business,0,5.2,4.98356133485357472412611510568328870493,4.53159980543126227576881324415978081111,5.3,4.2,1000,1.31,4420.08,87234.78,112853.46
116473780,GB / Ascot 22nd Nov,3m Nov Hcap Chs,22-11-2014 13:00,7792120,Minella On Line,0,4,4.0413715257842999381746995255083896777,3.82115001702286645050775795646486422249,4.5,3.45,1000,1.12,3316.64,157814.2,82348.64
116473782,GB / Ascot 22nd Nov,2m6f Hcap Hrd,22-11-2014 13:30,6241412,Iron Butterfly,0,29.753463123182094,23.1878324437266174577776277536198205961,25.0473933488768524870099651917917534917,32,22,1000,17,157.78,12086.94,2231.64
116473782,GB / Ascot 22nd Nov,2m6f Hcap Hrd,22-11-2014 13:30,4804063,Bilidn,0,111.59641448116106,103.627986563883938007236574251248806794,51.6098639934754506652448229277405211909,170,44,690,17,67.42,4134.58,2772.82
116473788,GB / Ascot 22nd Nov,2m1f Hcap Chs,22-11-2014 15:15,5362530,Parsnip Pete,0,20.307336161436556,16.2399626675879434854723104787890298272,10.5176157701139191377637466030905134713,25,9.2,1000,6,965.48,35189.2,4900.48
116473790,GB / Ascot 22nd Nov,2m NHF,22-11-2014 15:50,9016295,Preseli Rock,0,3.6081555287146148,3.21973034012272000529184041002999491589,4.3331287117692582865480936552966549417,4.7,2.9,1000,1.31,344.26,133742.8,70698.7
116475527,GB / Hunt 22nd Nov,3m2f Hcap Hrd,22-11-2014 14:50,6923614,Rising Teal,0,11.390304633849738,10.3270349291096841963358446741389092451,10.5597391672154175778000050136865594266,14.5,10.5,1000,6.8,119.52,17734,12679.46
116475521,GB / Hunt 22nd Nov,2m Nov Hcap Chs,22-11-2014 13:10,7860568,Truckers Steel,0,9.523049795895714,11.187284278270536661624053867372631703,8.06368498990614591664567299539988031105,14,8.6,1000,4.2,281.14,31764.62,20250.38
116475523,GB / Hunt 22nd Nov,2m Hcap Hrd,22-11-2014 13:40,4871393,Watts Up Son,0,15.30582081142813,16.7470900972503032558112873537715396849,18.4257296365149486082106001681694943217,20,13.5,1000,8.4,50.52,13869.74,8253.64
116475525,GB / Hunt 22nd Nov,3m6f Hcap Chs,22-11-2014 14:15,5939694,Soudain,0,3.9,3.69426892929653718962164454455230669763,4.2814875895494405258398575302221532033,4.8,3.45,1000,1.2,1648.36,122268.62,152825.86
116475525,GB / Hunt 22nd Nov,3m6f Hcap Chs,22-11-2014 14:15,4339929,Amroth Bay,1,4.439168640491918,3.86708659327503087258821426655606223666,3.50246932254765637422373717779949242885,4.5,3.25,8.8,1.01,2431.32,174033.02,191257.08
116489672,GB / Daily Win Dist Odds,Ascot,22-11-2014 12:25,2384320,32 - 44 lengths inclusive,0,,3.14678891204444359469931762571311465273,1,1,1001,1,1001,0,54.5,4
116489909,GB / Daily Win Dist Odds,Haydock,22-11-2014 12:10,2384321,More than 44 lengths,0,,3.43001890684083877621175661739429357167,1,1,1001,1,1001,0,116.36,0
116436325,GB / Hayd 22nd Nov,3m1f Hcap Chs,22-11-2014 15:35,3406809,Mister Marker,0,32.74103549152795,26.0170837462683903898337795020932444972,16.8754682467168530755439660731739918492,42,16,1000,16,477.36,16975.34,2132.58
116436325,GB / Hayd 22nd Nov,3m1f Hcap Chs,22-11-2014 15:35,5563114,Shotavodka,0,7.126724921,7.07706106972483608623520660042987618067,8.77080188899984263804233107827708003964,10.79,6.8,1000,4.3,6120.02,104926.68,25826.08
116436325,GB / Hayd 22nd Nov,3m1f Hcap Chs,22-11-2014 15:35,4830032,Renard,0,8.336479654832393,8.13359321219283103524463797979089456759,8.51003838640623983327257012138854514159,10.5,8,1000,2.8,3535.52,91999.82,69154.22
116436319,GB / Hayd 22nd Nov,2m Hrd,22-11-2014 13:50,3751982,Williams Wishes,0,98.10396724567458,81.443860659566665971954616010262677058,53.0672098932559764704953105604097744112,110,44,1000,50,393.74,10780.1,1286.26
116436321,GB / Hayd 22nd Nov,3m Grd3 Hcap Hrd,22-11-2014 14:25,5251227,Trustan Times,0,31.434527281387858,22.420005054127821574323396487611862298,23.0248386919846983193484899152761720256,38,18.5,1000,29,3846.52,31113.36,2078.88
116436323,GB / Hayd 22nd Nov,3m1f Grd1 Chs,22-11-2014 15:00,3460702,Medermit,0,78.369414385,52.8071195775745388561800949780449676762,38.3029639938907346460168425597854565027,80,30,1000,16,1954.06,13707.56,4760.4
116436323,GB / Hayd 22nd Nov,3m1f Grd1 Chs,22-11-2014 15:00,4360454,Cue Card,0,4,4.55375590350231823105024730462760437648,5.24809091173473675047016022773115504247,6,4,1000,3.1,72277.36,492896.92,92833.96
116461918,GB / Ling 22nd Nov,7f Hcap,22-11-2014 14:00,2055662,Buxton,0,46,43.6367565508227947189953476235765500974,24.5077326455662470923560527322979730176,60,22,1000,38,79,5860.98,420.64
116461910,GB / Ling 22nd Nov,1m Sell Stks,22-11-2014 11:50,8472201,Celestial Vision,0,5.4,4.60098238076140079699927941240478179471,2.92151249330036782187869701812322649463,5.3,2.52,1000,5,5633.58,48963.4,5711.88
116461912,GB / Ling 22nd Nov,5f Mdn Stks,22-11-2014 12:20,8521311,Lady Kyllar,0,44,34.8506497130352553988345708988613741008,23.8762831489329740629481167044368517151,60,27,1000,2.72,116.56,7728.94,4504.56
116461914,GB / Ling 22nd Nov,7f Cond Stks,22-11-2014 12:55,1219592,Super Kid,0,3.940365006,3.64170852447849576786728817768451320927,3.79735920184679393790666460158381441233,4.8,3.35,1000,1.65,8113.44,224256.62,20817.04
116461916,GB / Ling 22nd Nov,7f Hcap,22-11-2014 13:25,4955715,Divine Rule,1,11.633682056122137,11.8852215059891863144314888788218630618,14.3197437781346132751808638196277790686,15.5,10.5,9.4,1.01,483.08,32160.7,50772.98
116461916,GB / Ling 22nd Nov,7f Hcap,22-11-2014 13:25,7272300,Humour,0,4,4.20348626972386740846918354625571440452,5.31648370509187425571892007929742552061,6.8,3.95,1000,2,3580.78,231515.16,17463.84
116461916,GB / Ling 22nd Nov,7f Hcap,22-11-2014 13:25,7219438,Applejack Lad,0,4.975087496102105,4.38412368863855043042206549309198433843,4.72632741644675799781305459075839143795,5.3,4.1,1000,4,3668.58,182798.4,7893.16
116461922,GB / Ling 22nd Nov,5f Hcap,22-11-2014 15:10,3112338,Rocket Rob,0,8.712864620305925,8.13798852555468107150079291656838671239,5.91185975461696733773620275525331504445,9.6,5.5,1000,8.8,1067.18,62403.34,2324.12
116461922,GB / Ling 22nd Nov,5f Hcap,22-11-2014 15:10,5039460,Fair Value,0,9.211874595140142,8.27991224806485189117007178775503879218,7.63182729897086479422403414818274718155,10,6.6,1000,8,4703.76,65640,1902.78
116461922,GB / Ling 22nd Nov,5f Hcap,22-11-2014 15:10,5945809,Pucon,0,13.224135439270032,11.5448504095069304890677233280861030925,11.7860508560899752771181316278497667128,15,11.5,1000,9.2,235.46,19174.36,1713.3
116461924,GB / Ling 22nd Nov,6f Hcap,22-11-2014 15:45,4776161,Saskias Dream,0,33.31277642365807,31.6552901303516858832657924397489945203,14.9884114415659856997199246766927421705,44,18.5,460,3.65,62,8697.62,2763.3
116462726,GB / Wolv 22nd Nov,6f Hcap,22-11-2014 17:45,3235021,Noverre To Go,0,39.09183998480775,26.3196055380926203123253595894955657025,22.205060266201670522191572772775362019,44,24,720,70,42.34,6410.6,107.42
116462728,GB / Wolv 22nd Nov,5f Hcap,22-11-2014 18:15,7294267,Viva Verglas,0,9.6,9.25687808552057813723017799582237590014,14.1755086904508116763381347723511670127,17.5,9,990,6,377.78,33620.82,774.12
116462728,GB / Wolv 22nd Nov,5f Hcap,22-11-2014 18:15,3207345,Bedloes Island,0,77.21023040868342,49.6009455751747839605775439567988709233,24.8645372891963052912323978565197239916,80,24,760,65,73.88,3486.98,39.8
116462728,GB / Wolv 22nd Nov,5f Hcap,22-11-2014 18:15,5513672,Master Bond,0,46.964311733841754,39.037368048786647259784440166271979907,25.1528342037081333574161853538458149223,65,17.41,300,27,102.26,4299.14,181.76
116462730,GB / Wolv 22nd Nov,6f Nursery,22-11-2014 18:45,8680117,Classic Seniority,0,19.747284077,21.7360863777045293042621718107617785401,13.272340480725246981457834184418611334,27,12,1000,10,53.66,15915.22,1443.46
116462732,GB / Wolv 22nd Nov,1m Mdn Stks,22-11-2014 19:15,8953537,Devonshire Place,0,39.030174394818616,22.4129451705881895366894519816718751231,16.1529427925897882466796020196581177052,42,14,100,42,247.18,15155.88,92.06
116462736,GB / Wolv 22nd Nov,2m Hcap,22-11-2014 20:15,4751790,Eastern Magic,0,9.240635238546417,8.31177016248102616673026347129883584879,7.22077149268128838484834943204862162823,10.5,7.2,23,9,69.2,47735.62,1078.96
116462736,GB / Wolv 22nd Nov,2m Hcap,22-11-2014 20:15,5036820,Delagoa Bay,0,11.494966229744897,10.2940544854156021120949033963027205989,8.27264701006154762369525841784548978413,13,7.6,500,10,54.62,25188.26,1019.44
116462738,GB / Wolv 22nd Nov,1m Claim Stks,22-11-2014 20:45,3806802,Monsieur Chevalier,1,2.88,2.97782391449925645179328620264357586548,5.03440282871213504897045675063874357356,5.99,2.76,4.2,1.01,1594.74,181150.88,43868.5
116462740,GB / Wolv 22nd Nov,1m4f Hcap,22-11-2014 21:15,6942117,Dabuki,0,9.537382889139518,9.15898158919715169832267241675403167351,10.2508165535114571424668787394915405644,15,9.4,1000,10.5,25.14,33222.34,385.62
116473778,GB / Ascot 22nd Nov,2m6f Nov Hrd,22-11-2014 12:25,3970078,Hunt Ball,0,10.314925288455257,9.99809612590691944649248830541433894365,7.91717621572231575852265611750864413852,11,6,1000,7.6,2827.7,37918.58,12854.2
116473782,GB / Ascot 22nd Nov,2m6f Hcap Hrd,22-11-2014 13:30,6440305,Spartan Angel,0,8.4,7.954036416279783942654160482576448095,5.64644590891600073216574808598792361626,10,5.29,1000,4.2,1562.82,52943.58,12715.72
116473782,GB / Ascot 22nd Nov,2m6f Hcap Hrd,22-11-2014 13:30,7943514,Gaye Memories,0,20,15.3597702397167379262087384175215612028,17.9594680060085171677133875110974484009,22,14,1000,15,357.8,17655.08,1567.86
116473784,GB / Ascot 22nd Nov,2m3f Grd2 Chs,22-11-2014 14:05,3365259,Wishfull Thinking,0,5.9,5.24758090905156839844762075854319510351,4.45645641657464509131192904628696337546,6.2,3.85,1000,4.3,34400.26,226670.82,29884.74
116473788,GB / Ascot 22nd Nov,2m1f Hcap Chs,22-11-2014 15:15,3164912,Lancetto,0,12,11.4115903203859904485268098667363752741,14.767365880511086956450702562085032923,17.5,11,1000,6.4,1352.64,42691.18,5247.34
116473788,GB / Ascot 22nd Nov,2m1f Hcap Chs,22-11-2014 15:15,4702291,Grey Gold,0,7.4,7.71371984717084541530223916381542387728,8.7114806711449627123049946999408951174,9.8,7.4,990,7.4,1382.7,95447.84,4724.6
116473788,GB / Ascot 22nd Nov,2m1f Hcap Chs,22-11-2014 15:15,6147174,Ulck Du Lin,0,7,6.50079924402712873692192375135240742823,6.24284206220576167201681138772080757955,7.4,5,900,3.3,11225.48,135955.5,26339.02
116473790,GB / Ascot 22nd Nov,2m NHF,22-11-2014 15:50,8977680,Georgieshore,0,40,46.1486265095708898625090494845580007763,31.8524732885056559580369673960463579437,90,30,1000,26,58,7030.98,3207.96
116475527,GB / Hunt 22nd Nov,3m2f Hcap Hrd,22-11-2014 14:50,6968719,Agesilas,0,20,16.7162407130180647858532482350403658839,24.1133456479682585351459300970838202437,26,19.5,1000,17,10.04,9665.2,2349.02
116475527,GB / Hunt 22nd Nov,3m2f Hcap Hrd,22-11-2014 14:50,8006516,Amberjam,1,4.9,4.49240980141417826263914853923720587374,5.08836377324131105339075295827663851273,5.4,4.2,14,1.01,1224.36,87861.68,158535.78
116475517,GB / Hunt 22nd Nov,2m4f Nov Hrd,22-11-2014 12:00,8397427,Polly Wiggle,0,135.0031306908844,140.779523911098984846754632007203372295,94.7085498768717494079126259801514667725,230,70,1000,90,57.4,3973.42,450.32
116475519,GB / Hunt 22nd Nov,2m Nov Hcap Hrd,22-11-2014 12:35,7281445,Make Me A Fortune,0,2.5909984627217675,2.73007670731675321684463409665122411004,4.90282450977996665242204484415886809217,5.3,2.48,1000,1.53,1067.42,244591.64,88727.58
116475525,GB / Hunt 22nd Nov,3m6f Hcap Chs,22-11-2014 14:15,5498650,De La Bech,0,3.4,3.48604436159440611079293228361332407908,4.3229151229298683279720055469219085288,4.6,3.35,1000,2.16,1872.3,164858.4,86351.32
116475529,GB / Hunt 22nd Nov,1m6f NHF,22-11-2014 15:25,8421838,Remedio,0,230,233.352233028722817344336151377105702212,80.1381845700459631456054398112107308258,330,85,700,75,10,1111.98,564.46
116475529,GB / Hunt 22nd Nov,1m6f NHF,22-11-2014 15:25,8993384,Joe Farrell,1,3.52110368188967,2.95901564318064358722199630758478980995,3.02644678471214901646594096111067191536,3.55,2.48,5.2,1.01,3558.68,169801.14,95400.1
116475529,GB / Hunt 22nd Nov,1m6f NHF,22-11-2014 15:25,9016300,Ballochmyle,0,4.963490695659784,4.43827590561945819051914859554513841834,7.63584340744784503335417769603056470625,7,4.1,1000,4,41.7,79972.82,14124.62
116489909,GB / Daily Win Dist Odds,Haydock,22-11-2014 12:10,2384320,32 - 44 lengths inclusive,0,,3,1,1,1001,1,1001,0,28.3,0
116436315,GB / Hayd 22nd Nov,3m5f Hcap Chs,22-11-2014 12:45,6053793,Loughalder,0,25.196082359622444,24.1455891578614900788732384798546830169,23.4543634110774086158639311573266680069,32,21.85,1000,22,395.86,10716.86,2936.86
116436317,GB / Hayd 22nd Nov,2m4f Hcap Hrd,22-11-2014 13:15,7772383,On Tour,1,9.221619589,8.66110129140975239180462731884076431019,6.80045611031016922822076166848591538551,10.5,5.83,11.5,1.01,4327.26,50864.36,117094.92
116436317,GB / Hayd 22nd Nov,2m4f Hcap Hrd,22-11-2014 13:15,7860559,Emral Silk,0,22.712632347,16.7125784545439500125920894394706519626,19.8395027723039534078040839201053069705,28,14.5,1000,4.4,1145.02,18809.82,6023.96
116436317,GB / Hayd 22nd Nov,2m4f Hcap Hrd,22-11-2014 13:15,5703104,Lyvius,0,24.024825987613152,16.3875771943980588256146328511521928265,15.3233717693806111631942007249025580366,26,13.61,1000,5.6,1148.02,27127.94,6547.4
116436325,GB / Hayd 22nd Nov,3m1f Hcap Chs,22-11-2014 15:35,3828001,Midnight Appeal,0,7.866917529370304,7.10184134280425848762769143266261827321,6.90759467036875804010833651669235189875,8.8,6.47,1000,1.25,5166.88,117303.14,64868.68
116436325,GB / Hayd 22nd Nov,3m1f Hcap Chs,22-11-2014 15:35,5300500,Pinerolo,0,17.843688177383477,13.5868550094154205434600561561215292671,11.5582224898996112186360094904696255582,21,10.34,1000,15,1682.36,33315.58,2630.34
116436313,GB / Hayd 22nd Nov,2m Hcap Hrd,22-11-2014 12:10,6799861,Vasco Du Ronceray,1,3.276269116229023,3.2536731100336923336536105784532325231,3.41282016321948182936514281499556742827,3.64,3.05,3.45,1.01,8743.64,230015.38,140993.16
116436313,GB / Hayd 22nd Nov,2m Hcap Hrd,22-11-2014 12:10,3323935,Mohawk Ridge,0,12.5,13.0273976780780915047570090450168316362,15.4961288535153898580295308797735624733,17.5,11.5,1000,7,642.6,17363.84,4978.38
116436319,GB / Hayd 22nd Nov,2m Hrd,22-11-2014 13:50,5959467,The New One,1,1.35,1.34420615595965448960391239481549153098,1.33041994860443057827790100099390870762,1.38,1.3,1.42,1.01,96200.26,1217032.26,240676
116436319,GB / Hayd 22nd Nov,2m Hrd,22-11-2014 13:50,6449137,Zamdy Man,0,12.654091628566995,14.4136286248502642730738412114895548729,19.5119543387163929522221511170967698425,23.33,12,1000,9,3036.02,72228.2,19621.86
116436321,GB / Hayd 22nd Nov,3m Grd3 Hcap Hrd,22-11-2014 14:25,2607371,Aubusson,1,11.352463671110403,11.5128517184780233978687492366468946985,14.2176919311711221276583110459302095079,17,10.5,15,1.01,5204.64,78263,166450.16
116436321,GB / Hayd 22nd Nov,3m Grd3 Hcap Hrd,22-11-2014 14:25,3406799,Araldur,0,62.19717824487016,43.3149192653824387049228183535453604113,43.2713581629845794564330798797398214906,65,36,1000,38,1971.98,11543.58,1652.86
116436321,GB / Hayd 22nd Nov,3m Grd3 Hcap Hrd,22-11-2014 14:25,5975903,Katkeau,0,7.2,7.83050390455241248780489025255202481394,8.41351367928899388049400896602524898226,9.6,6.8,1000,2.1,17974.56,152595.76,37119.06
116461918,GB / Ling 22nd Nov,7f Hcap,22-11-2014 14:00,6551254,Daneglow,0,163.6183161008577,99.7080858156514309898232105457285335031,46.5084725219307934007792297293042470519,170,50,1000,140,32.3,3234.9,228.26
116461910,GB / Ling 22nd Nov,1m Sell Stks,22-11-2014 11:50,8669171,Auld Fyffee,0,9.513921362739442,10.2761252736888415691702643584243799403,8.08977585606575172546108116534042752857,11.5,8.2,1000,6,626,13153.78,1804.96
116461914,GB / Ling 22nd Nov,7f Cond Stks,22-11-2014 12:55,5437042,Vimy Ridge,0,142.802524133,97.8267367238152026919102894340512694972,56.4121807272431094282974585926483892476,200,42,700,5,91.9,4684.22,1575.86
116461916,GB / Ling 22nd Nov,7f Hcap,22-11-2014 13:25,5107043,Play The Blues,0,60.02740608018415,52.5740724228403273346676220044734119005,33.4328218909072306759617765587903579155,85,38,1000,20,65.36,5791.74,1210.94
116461916,GB / Ling 22nd Nov,7f Hcap,22-11-2014 13:25,3409581,Jonnie Skull,0,46.874109824,50.153563279800474059624735355665678094,23.361290512000223147544341231967639996,75,25,1000,32,113.46,6763.5,922.36
116461922,GB / Ling 22nd Nov,5f Hcap,22-11-2014 15:10,5580086,Roys Legacy,0,37.97443133542299,30.0136342280589970050851515824040901835,15.7722214883946631274464778561946363339,42,16,1000,22,202.28,9870.56,244.38
116461924,GB / Ling 22nd Nov,6f Hcap,22-11-2014 15:45,5658075,Captain Kendall,0,29.30431814474978,28.7700612601828031975536041847176137062,21.0129329620215214117875694722037327252,40,19.5,100,16,67.44,9191.58,678.76
116461924,GB / Ling 22nd Nov,6f Hcap,22-11-2014 15:45,6204227,Compton Prince,0,31.210424295,26.5807412159514846615509073552098161171,18.2957657057414748329007096008795432571,38,23,660,40,47.04,8025.4,346.74
116462734,GB / Wolv 22nd Nov,1m Mdn Stks,22-11-2014 19:45,8890501,Putting Green,0,30,30.7501720290269131813291889531965047891,13.8687697420364986801563903838135354746,48,24,100,4,20.2,7982.66,3062.78
116462734,GB / Wolv 22nd Nov,1m Mdn Stks,22-11-2014 19:45,8893250,Borak,0,13.666265182115238,12.3911372559628130345243808409924122378,6.57237697948774170995365213124788897397,15,9.8,1000,3.2,154.56,21790.1,4090.36
116462728,GB / Wolv 22nd Nov,5f Hcap,22-11-2014 18:15,4979206,Even Stevens,0,8.688681391870015,7.06415854758289945774848310973453675595,6.21050162666780707302658496116524009941,9.4,5.71,1000,2,697.72,50085.96,8335.16
116462736,GB / Wolv 22nd Nov,2m Hcap,22-11-2014 20:15,7860590,Hallouella,0,4.538114462305966,4.94663681896490856317354948951592221452,8.1501726072919545382509878751782102528,8,4.3,1000,3,28.92,151216.16,10814.42
116462740,GB / Wolv 22nd Nov,1m4f Hcap,22-11-2014 21:15,7344964,Cascadia,0,12,10.2339761030121477612084223193822278073,7.84131923609242595844330190912454082734,14.5,8.2,1000,4.3,44.32,31778.02,3762.72
116462740,GB / Wolv 22nd Nov,1m4f Hcap,22-11-2014 21:15,914807,Dhaular Dhar,0,21,14.844303327978337522576782880483761203,9.53497100019493539851368960680054791426,23,11.5,1000,14,91.64,18623.94,747.16
116473782,GB / Ascot 22nd Nov,2m6f Hcap Hrd,22-11-2014 13:30,6879856,Magic Money,0,8.035559572293359,8.43767890935580091600591486275002257445,8.14641590446280015956734687430424466187,11,7.8,690,3.1,781.92,53854.88,19979.28
116473786,GB / Ascot 22nd Nov,2m3f Grd2 Hrd,22-11-2014 14:40,6604002,Ballyglasheen,0,142.439070632,125.643974583716959203466213276529048533,74.3157835941859794001938082133317389719,200,50,1000,65,115.5,4166.18,695.48
116473786,GB / Ascot 22nd Nov,2m3f Grd2 Hrd,22-11-2014 14:40,8921,Houseparty,0,1000,999.891742045013477562232355133545898646,999.32471839107607131554084768881686144,1000,1000,1000,1000,71.14,445.36,77.08
116473788,GB / Ascot 22nd Nov,2m1f Hcap Chs,22-11-2014 15:15,6633286,Bellenos,0,6.585958255430996,5.41614864408634940395990007782268092744,5.70389740904553987912961348172802228796,7,5.1,1000,5.8,19352.4,218419.72,19974.52
116473790,GB / Ascot 22nd Nov,2m NHF,22-11-2014 15:50,8501362,No No Manolito,0,2.6457605505060355,2.57647595043835135245663409228061120817,2.33139210237652466342997103220002734814,2.9,2.28,1000,2.04,3316.92,276654.7,99514.84
116475527,GB / Hunt 22nd Nov,3m2f Hcap Hrd,22-11-2014 14:50,2585989,Carmela Maria,0,9.744348039389351,9.70332313149921318865131415168044376619,8.92339442000985501984088490363975258966,12,8,1000,7,135.22,36853.38,9816.08
116475527,GB / Hunt 22nd Nov,3m2f Hcap Hrd,22-11-2014 14:50,3957811,Minella Bliss,0,4.5459811,3.84716316466603474202615894510100881211,4.25876605789362019052399099539997271052,4.6,3.2,1000,1.18,639.5,138971.02,116722.68
116475517,GB / Hunt 22nd Nov,2m4f Nov Hrd,22-11-2014 12:00,8243889,Rhythm Star,1,1.86,1.81727207717589248302038031213293503734,1.66844138911819343459959408967960975613,1.99,1.64,1.9,1.01,16044.9,274282.88,126855.4
116475519,GB / Hunt 22nd Nov,2m Nov Hcap Hrd,22-11-2014 12:35,6318204,Dr Beaujolais,0,36,31.9496273250213630688663749552412915397,15.9673073561875989314400284672330715454,42,19,1000,8.8,54.72,6079.12,4370.72
116475519,GB / Hunt 22nd Nov,2m Nov Hcap Hrd,22-11-2014 12:35,8176601,Rascal,0,3.901962545560637,3.62296180030989781470433109221368696793,2.74737968312575646500330433406285856581,4.1,2.64,1000,3.7,3174.58,199332.44,31158.26
116475519,GB / Hunt 22nd Nov,2m Nov Hcap Hrd,22-11-2014 12:35,8312257,Cloonacool,1,4.2,4.22868224525406605413126768568393206699,4.3330428654726807714560185816925713124,5.2,3.95,5.4,1.01,270.98,63641.24,140108.18
116475523,GB / Hunt 22nd Nov,2m Hcap Hrd,22-11-2014 13:40,4979216,Auto Mac,0,5.2,5.00782892839061378475817773707612745062,5.71010548046764129162583464387345666223,5.7,4.5,1000,4.9,228.32,64558.74,10262.8
116475523,GB / Hunt 22nd Nov,2m Hcap Hrd,22-11-2014 13:40,5771904,Lost In Newyork,0,3.970567698,3.79778072211619467635087897336832137078,3.82939079517267222352048848326640864555,4.7,3.55,1000,3.85,445.7,175617.04,17406.12
116475529,GB / Hunt 22nd Nov,1m6f NHF,22-11-2014 15:25,9016302,Showbiz Floozy,0,97.03010704759276,109.766338178472907543609270380869323641,41.0629511519388422411101277368558491139,270,55,940,65,10,1584.16,479.56
116489909,GB / Daily Win Dist Odds,Haydock,22-11-2014 12:10,2723643,Less than 32 lengths,1,,2.3148490903354716584288568724366389736,1,2.4,2.2,1,1001,0,760.72,0
116489908,GB / Daily Win Dist Odds,Huntingdon,22-11-2014 12:00,2453736,Less than 36 lengths,1,,2.61865277425971518996146782563103403793,1,2.5,2.5,2.5,2.5,0,386,356.34
116436313,GB / Hayd 22nd Nov,2m Hcap Hrd,22-11-2014 12:10,5084160,Plus Jamais,0,9.745793246835532,9.13707427055207573759023040979694208262,7.34139887593252847871368183260175563267,11,6.34,1000,11,1715.08,32920.88,3253.96
116436321,GB / Hayd 22nd Nov,3m Grd3 Hcap Hrd,22-11-2014 14:25,6919610,Vieux Lion Rouge,0,19.020607662189505,15.2848579222514281009186319081168918327,14.1780744939063732314480803985586254275,23,13.5,1000,15,6882.78,35681.84,4893.32
116436323,GB / Hayd 22nd Nov,3m1f Grd1 Chs,22-11-2014 15:00,3721751,The Giant Bolster,0,50,45.7013429595267578403170445720871519418,50.0091802245452413283402302842862613039,90,32,1000,16,2025.32,16442.04,5553.96
116436323,GB / Hayd 22nd Nov,3m1f Grd1 Chs,22-11-2014 15:00,5451932,Harry Topper,0,12.088237439674558,10.5337341294778299569266806123940344069,12.4104682912926956969390071467027170541,16.5,9.6,1000,8,34351.44,132474.94,16842.66
116461918,GB / Ling 22nd Nov,7f Hcap,22-11-2014 14:00,4196531,Olney Lass,0,38,40.1010620157859441289074268542610915046,19.0947077453050168387726127178799681138,46,22,1000,17.5,130.32,5170.94,1115.02
116461918,GB / Ling 22nd Nov,7f Hcap,22-11-2014 14:00,8251654,Spinning Cobblers,1,2.2402611741615326,2.27850902703747380906682623223799751965,2.56165955000123559621943101773184358695,2.88,2.16,2.28,1.01,6658.84,481392.18,127317.22
116461912,GB / Ling 22nd Nov,5f Mdn Stks,22-11-2014 12:20,9011176,Lamps of Heaven,0,22.734425534733024,20.4814685108478962461086316274583912894,11.1703422730148619690029102509093349568,27,9,1000,3.2,321.12,19467.7,3913.46
116461920,GB / Ling 22nd Nov,1m Hcap,22-11-2014 14:35,7572785,Tides Reach,0,15,11.2067024111618861149841892611311504289,10.1876789876157575904809966690201910683,15.5,8.6,1000,10,524.12,28597.32,2571.86
116461922,GB / Ling 22nd Nov,5f Hcap,22-11-2014 15:10,6838656,Royal Acquisition,0,13,10.9391963833145378201354656406263543354,10.3070573117132859799570453958163706154,13.5,9.4,1000,4.3,368.66,26786.5,1843.06
116461924,GB / Ling 22nd Nov,6f Hcap,22-11-2014 15:45,6510281,New Rich,0,4.628207276,4.50476612130706361435768235404743789494,5.38273326247789186811923358254590389922,5.6,4.5,1000,6.6,781.14,98145.76,3358.9
116462726,GB / Wolv 22nd Nov,6f Hcap,22-11-2014 17:45,4624447,Divine Call,0,36,24.1331136485420505609008685753850666286,18.3893953790566062465156471339366579895,38,19,690,85,49.7,10344.3,109.26
116462726,GB / Wolv 22nd Nov,6f Hcap,22-11-2014 17:45,4669911,Good Authority,1,3.75,4.02631184184082426121771681234413079447,7.41563672391998086518930101170368053778,6,3.45,4.7,1.01,341.82,198881.54,69088.2
116462726,GB / Wolv 22nd Nov,6f Hcap,22-11-2014 17:45,4073220,Rodrigo De Torres,0,42.197580626707385,28.8754220211713562864291574147378268317,31.2843016191675437471589627110281506389,48,23,500,22,70.66,5912.04,483.92
116462726,GB / Wolv 22nd Nov,6f Hcap,22-11-2014 17:45,6801703,Smokethatthunders,0,11.748145807,11.0961689573970619297502395726852675105,12.1294353646246258395685597229394117153,14.5,10.5,690,12,163.4,23981.76,1534.78
116462734,GB / Wolv 22nd Nov,1m Mdn Stks,22-11-2014 19:45,9011181,Sparring,0,7.6,7.3767526627959277522051183003191168595,4.29000825975498769513271007465210584652,9.4,3.9,690,6.4,2753.96,45125.18,1985.22
116462730,GB / Wolv 22nd Nov,6f Nursery,22-11-2014 18:45,8545939,Anastazia,1,4.665534675509642,4.82137465852646254463704212636614287533,4.76326682120343144608827860045993411075,5.4,4.2,10.5,1.01,1288.64,75595.38,35865.02
116462732,GB / Wolv 22nd Nov,1m Mdn Stks,22-11-2014 19:15,8928567,Assagher,0,2.56,2.39294488118473474691179248507250426254,2.55320504882341120101357780057177421497,3.2,2.26,1000,1.88,7694.74,403874.76,19106.98
116462736,GB / Wolv 22nd Nov,2m Hcap,22-11-2014 20:15,4990763,Nay Secret,0,9.985469662687972,8.18947165297814461073602449030008465153,15.7285963291829246097783829731106720816,11,6.2,18,9,116.84,38021.5,938.26
116462736,GB / Wolv 22nd Nov,2m Hcap,22-11-2014 20:15,6982493,Lacey,0,12,12.3496844184553007518480055637413687964,9.46440621335072160637201602909378911067,13.5,10.5,690,6,41.48,14492.58,886.34
116462740,GB / Wolv 22nd Nov,1m4f Hcap,22-11-2014 21:15,4858097,Harrisons Cave,0,9.6,9.32550414443437403861371743225453321447,13.0681243733320540333885118343501247535,13,8.8,450,5,184.1,40943.68,1907.3
116462740,GB / Wolv 22nd Nov,1m4f Hcap,22-11-2014 21:15,4980627,Dark And Dangerous,0,40,35.0937810986637285970711621844870374499,13.9989327876181365509891637896528694994,55,22,1000,32,4,5665.92,240.8
116473778,GB / Ascot 22nd Nov,2m6f Nov Hrd,22-11-2014 12:25,7909069,Pleasant Company,0,12.5,11.560727758186811303669646147403564953,13.6845041245024951572847478683178957694,15,10,1000,7.2,891.96,27118.2,7656.74
116473780,GB / Ascot 22nd Nov,3m Nov Hcap Chs,22-11-2014 13:00,6280912,Bullet Street,0,17.173569926864474,14.4918470143677680386656703499424250727,12.0216354420483783075375346476509392303,20,9.2,1000,3.1,724.04,23889.54,13061.88
116473780,GB / Ascot 22nd Nov,3m Nov Hcap Chs,22-11-2014 13:00,5491527,Astigos,0,9,10.0378248659965245187274193229192920778,10.5882481769344365738813024605831820557,13,8.4,1000,4.4,2566.7,49455.58,16823.44
116473784,GB / Ascot 22nd Nov,2m3f Grd2 Chs,22-11-2014 14:05,5404331,Fox Appeal,0,5.8,6.3612207882048048268605619809395550726,9.77832894518539792552103737949788682761,10.5,5.5,1000,5.2,7493.74,159930.4,17682.22
116473784,GB / Ascot 22nd Nov,2m3f Grd2 Chs,22-11-2014 14:05,4276877,Al Ferof,1,3.65,3.67350691467574958461917485833295550678,4.11850641475346948961036775611654498941,4.5,3.5,3.75,1.01,30940.78,388960.92,202580.28
116473786,GB / Ascot 22nd Nov,2m3f Grd2 Hrd,22-11-2014 14:40,2569390,First Avenue,0,118.221258935722,109.985786600729256014508839991472988774,71.2276378739426643970822517411850759043,150,46,1000,90,140.46,5486.92,516.26
116473786,GB / Ascot 22nd Nov,2m3f Grd2 Hrd,22-11-2014 14:40,6881562,Blue Fashion,0,9.923592196210372,9.11679241227176523574099623323227004481,8.80855229050733062158933475448632608894,11,7.8,1000,7.8,1284.86,93955.4,7965.06
116473786,GB / Ascot 22nd Nov,2m3f Grd2 Hrd,22-11-2014 14:40,8096538,Hint of Mint,0,49.186246016593785,54.259724213865377969862907159387835226,54.2396710287197222594263316809879449726,75,46,1000,46,226.12,10792.24,1183.02
116473790,GB / Ascot 22nd Nov,2m NHF,22-11-2014 15:50,9016296,Sugar Baron,1,9,8.59839268678666340082461897644461854071,8.2244430760962628393808142724290915244,10.5,8,65,1.01,78.5,27011.48,73531.42
116473790,GB / Ascot 22nd Nov,2m NHF,22-11-2014 15:50,8432930,Bears Rails,0,45.13963323742882,40.4419782174574903023129771860979293242,38.0852030392807981152627592456924053756,70,32,1000,13,34,5172.76,2521.7
116475527,GB / Hunt 22nd Nov,3m2f Hcap Hrd,22-11-2014 14:50,3476048,Elegant Olive,0,16.060506481830142,13.9519959501470522661427953611150288505,10.0080385650535747280795547927912961826,19,10,1000,8,160.6,12865.28,6756.02
116475519,GB / Hunt 22nd Nov,2m Nov Hcap Hrd,22-11-2014 12:35,8400572,Cyclop,0,12.5,11.2957655625704084608469153274376357774,6.41961395548102641565718452379816100455,14.5,6.8,1000,5.1,181.46,26162.36,11419.78
116475521,GB / Hunt 22nd Nov,2m Nov Hcap Chs,22-11-2014 13:10,934385,Money For Nothing,0,4.2,4.13850627712117979354886013395308682151,5.59997834366602841944484835970111512476,6.4,3.8,1000,1.25,2367.98,118572.46,104862.02
116475523,GB / Hunt 22nd Nov,2m Hcap Hrd,22-11-2014 13:40,6568056,Helamis,1,5.377080185373487,5.58721481159775115693251996348671290557,10.0237020582418532951555464748439872993,8,5,6.6,1.01,139.18,71252.24,126176.26
116491342,GB / Daily Win Dist Odds,Wolverhampton,22-11-2014 17:45,2431197,10 - 14 lengths inclusive,1,,3.1736493956752703771231635623739418726,1,1,1001,1,1001,0,30.36,4
116436315,GB / Hayd 22nd Nov,3m5f Hcap Chs,22-11-2014 12:45,5532063,Bennys Well,0,8.54746206449665,8.24518579768366060597118502130767471624,7.46016779265862130354663784344232201928,9.8,6.46,1000,8.2,2110.92,82163.56,11959.72
116436317,GB / Hayd 22nd Nov,2m4f Hcap Hrd,22-11-2014 13:15,5769766,Calculated Risk,0,26,19.6181026011891124872467512174030509867,17.4531656412129598529007152173067364871,29,17.01,1000,14.5,1045.54,12769,1768.54
116436317,GB / Hayd 22nd Nov,2m4f Hcap Hrd,22-11-2014 13:15,3824011,Al Co,0,96.120530544,76.8034907248121741411103267181611125931,107.370787483705328642569213465079659934,174.96,70,1000,80,123.8,4095.7,373.24
116436317,GB / Hayd 22nd Nov,2m4f Hcap Hrd,22-11-2014 13:15,7012921,Morito Du Berlais,0,3.45,3.43463569482493437830954660278031723842,4.40100795769524452470413835489381926783,5.54,3.2,1000,2,23399.76,301896.8,88012.36
116436313,GB / Hayd 22nd Nov,2m Hcap Hrd,22-11-2014 12:10,7369654,Keel Haul,0,8.302060753711627,9.87185296200591066797161550727222965447,14.7861374816663066563257128298301309866,16,8,990,4,1014.96,32687.58,6825.82
116436313,GB / Hayd 22nd Nov,2m Hcap Hrd,22-11-2014 12:10,3450865,De Boitron,0,41.4118132543673,38.3059469500376121023538059118619499181,16.5107722983980842788833846906921692708,55,13.07,1000,2,502.08,7086.96,14933.9
116436321,GB / Hayd 22nd Nov,3m Grd3 Hcap Hrd,22-11-2014 14:25,4968082,Sybarite,0,21,16.1215012940397384450512308982594760109,16.042324118963960201932720929264468849,22,14.5,1000,17.5,6853.48,36601.54,3280.52
116436323,GB / Hayd 22nd Nov,3m1f Grd1 Chs,22-11-2014 15:00,5035723,Silviniaco Conti,1,5.267932425321414,4.71310118795741100421517439024670877942,4.73197951916229536708288302205338188239,5.5,4.3,7.2,1.01,181724.58,585808.48,320686.94
116461918,GB / Ling 22nd Nov,7f Hcap,22-11-2014 14:00,8685802,Katie Taylor,0,23,20.0820437046410840633478541267182231209,7.81867939812496206572578721003669069629,27,6.6,1000,12,2165.92,16449.04,1250
116461912,GB / Ling 22nd Nov,5f Mdn Stks,22-11-2014 12:20,8504169,Shackled N Drawn,1,3.7,3.61741733888061278590834050297942249746,3.2389711112508811558754568244649552454,4.1,3.25,7.4,1.01,1574.28,178961.48,92499.68
116461914,GB / Ling 22nd Nov,7f Cond Stks,22-11-2014 12:55,8819546,Rattling Jewel,0,69.3245013982801,69.2552772554376672867215391418140666098,39.0178172637117220841835608636141976754,120,25,1000,11.5,123.72,5382.88,2114.2
116461914,GB / Ling 22nd Nov,7f Cond Stks,22-11-2014 12:55,8621517,Faraajh,0,21.934421748171445,21.8961956512104696868848353991221680657,12.7499172074744988457608071671267719476,36,10.5,1000,15.5,679.96,17746.58,1704.1
116461916,GB / Ling 22nd Nov,7f Hcap,22-11-2014 13:25,7700053,Copper Cavalier,0,7,6.70973163316922166319534502892787464691,7.09864719546564635352280560656238978771,8.8,6,1000,6,2780.9,67135.82,2894.72
116461920,GB / Ling 22nd Nov,1m Hcap,22-11-2014 14:35,7943532,History Book,0,7.4,6.71857363263673710177922258042802449895,6.73958668695788852570358254197065675313,8.6,6.2,1000,1.1,1036.74,53591.96,29497.9
116461922,GB / Ling 22nd Nov,5f Hcap,22-11-2014 15:10,5613820,Come On Dave,0,8.064606786795956,7.84275225211455793071561734268626364201,9.18678676669357014138882562943931823732,9,7.6,1000,4.2,346.66,44316.86,5041.56
116461924,GB / Ling 22nd Nov,6f Hcap,22-11-2014 15:45,8603837,Ecliptic Sunrise,0,25.250633555703814,23.9983679655110505474992574596254924679,12.4623582651324104790962137816330971269,32,10.5,1000,11.5,56.36,8359.2,1558.66
116462728,GB / Wolv 22nd Nov,5f Hcap,22-11-2014 18:15,7615272,Desert Ace,0,8,7.9785921310284056036103854268000814736,12.1638846574663211518337857565998916337,16,7.4,1000,6,197.06,38788.24,687.52
116462732,GB / Wolv 22nd Nov,1m Mdn Stks,22-11-2014 19:15,8928577,Estikhraaj,0,7.1835055974919655,6.74618744922739162099477717068365937219,7.94198708587966955030815851165241726176,8,6,1000,1.86,450.04,59072.66,4985.82
116462732,GB / Wolv 22nd Nov,1m Mdn Stks,22-11-2014 19:15,9011177,Aabir,1,42.29438018848891,37.3572344664196677066987376861620099069,26.9588858951227158033506709690104053635,60,30,50,1.01,41.12,5556.26,35492.46
116462732,GB / Wolv 22nd Nov,1m Mdn Stks,22-11-2014 19:15,9011178,Become Aware,0,530,342.68132633992672234238410579066300085,264.028301356509995135020142740296069861,620,120,1000,530,15.78,901.9,50.2
116462736,GB / Wolv 22nd Nov,2m Hcap,22-11-2014 20:15,1120294,Wild Desert,0,20,18.2310163038973762568724426328685450884,11.8129088146686213000812546146288158414,23,10.5,1000,14,44.74,15469.8,2000.26
116462736,GB / Wolv 22nd Nov,2m Hcap,22-11-2014 20:15,8235704,Time of My Life,0,36,30.8149249852989403615879060679464161972,13.411169731984576916285320892973581205,40,12.5,190,25,30.8,5804.4,334.86
116462740,GB / Wolv 22nd Nov,1m4f Hcap,22-11-2014 21:15,4074577,Dancing Primo,0,23,20.2986642879952995024740540335073821332,12.6662611040621626402735069265130026273,32,12,1000,3.1,113.04,12527.68,2338.02
116473778,GB / Ascot 22nd Nov,2m6f Nov Hrd,22-11-2014 12:25,8371167,Fletchers Flyer,1,2.1,2.20568843602147067451889901438341588815,2.52959489131961760621716002617784960728,2.96,2.08,4.7,1.01,26145.8,379112.58,269117.28
116473778,GB / Ascot 22nd Nov,2m6f Nov Hrd,22-11-2014 12:25,8922678,Bally Beaufort,0,34,34.0592688291093505291415672659970655452,19.5360348319940297394046707408626200517,44,12,1000,18.5,732.3,7425.72,2781.86
116473782,GB / Ascot 22nd Nov,2m6f Hcap Hrd,22-11-2014 13:30,5730191,Mini Muck,0,14.517156630151312,12.0724904403989803213728127342061085878,13.150189611973481313114548434273271772,15.5,11,1000,11.5,3245.54,31170.48,5358.2
116473782,GB / Ascot 22nd Nov,2m6f Hcap Hrd,22-11-2014 13:30,4893576,Hi Note,0,28.426566532329463,19.8981472876611696849396254337006510255,16.8047701897573400665734709052562042538,32,13,1000,18.5,302.1,20436.38,2906.3
116473782,GB / Ascot 22nd Nov,2m6f Hcap Hrd,22-11-2014 13:30,5258253,Cove,0,9.6,9.32605046294125905262048531091442460597,9.90864323963290865276255000085355783308,12,8.8,1000,8.8,647.7,42686.28,4772.12
116473788,GB / Ascot 22nd Nov,2m1f Hcap Chs,22-11-2014 15:15,4057752,Christopher Wren,0,20.07115660449024,17.0596826898283685945400788072780396059,17.2659271171916773502778032535347790022,22,15,1000,20,624.12,23236.7,1858.46
116473790,GB / Ascot 22nd Nov,2m NHF,22-11-2014 15:50,9016294,Granit,0,14.5,11.9024431240098665083310864257137707852,10.4264897672936281111669736476257718092,17,12.5,1000,2.84,64.64,13281.5,13135.04
116475517,GB / Hunt 22nd Nov,2m4f Nov Hrd,22-11-2014 12:00,8059283,Eastern Calm,0,7,6.45635565047757734113764384958568918979,8.94600113025290193545715869210428219143,9,6,1000,6.6,868.62,44128.7,8681.22
116475521,GB / Hunt 22nd Nov,2m Nov Hcap Chs,22-11-2014 13:10,59323,Mission To Mars,0,5.048164880567239,4.5261915129399374658040585746825921289,3.63078620422757918112838773586347209437,5.3,3.3,1000,5.1,2478.74,85682.14,1953.06
116475523,GB / Hunt 22nd Nov,2m Hcap Hrd,22-11-2014 13:40,6539270,Khelac,0,24.459987239124455,22.5542976603072304850845756398186211386,15.2545242508182259897744176150382169894,28,11,1000,5.1,712.98,12154.46,4906.04
116475525,GB / Hunt 22nd Nov,3m6f Hcap Chs,22-11-2014 14:15,4599810,Royaume Bleu,0,15.486811484737556,15.2840414465551334662473219159522598008,11.2232219051227700715404700500706704816,22,10.5,1000,14,468.86,28102.12,8668.94
116489672,GB / Daily Win Dist Odds,Ascot,22-11-2014 12:25,2384321,More than 44 lengths,1,,3.44015340565814704877984711970369592057,1,3.8,3,1,1001,0,1522.76,0
116436315,GB / Hayd 22nd Nov,3m5f Hcap Chs,22-11-2014 12:45,5959454,Sixty Something,0,6,5.68063627898664516313679216684574403221,7.70015204902577296816430886073508260303,8,5.4,1000,5.9,2330.38,93794.68,12226.66
116436317,GB / Hayd 22nd Nov,2m4f Hcap Hrd,22-11-2014 13:15,6817864,Heath Hunter,0,4.839807164657621,4.71081558282298116934509375513832121434,6.0299234806548714194216533112378555858,6.22,4.5,1000,2.98,3973.98,134943.86,24477.06
116436317,GB / Hayd 22nd Nov,2m4f Hcap Hrd,22-11-2014 13:15,5041167,Yesyoucan,0,20.28237886762836,19.6576391993869461257621431625980470688,26.9080191715355294646859778685873009108,33.05,19.5,1000,7.2,742.12,20205.4,8520.04
116436325,GB / Hayd 22nd Nov,3m1f Hcap Chs,22-11-2014 15:35,4302930,Wayward Prince,0,32.77973380517338,27.9844853348449326167070805197944592834,24.8493257795241242156405689484086596959,40,17.98,1000,28,280.42,14547.2,1968.72
116436325,GB / Hayd 22nd Nov,3m1f Hcap Chs,22-11-2014 15:35,6142074,According To Trev,1,15.767335101,12.2375893052351509427560718787230301596,15.3599558369280674819874913803151729278,17.5,11.5,20,1.01,676.28,40051.64,124698.98
116436313,GB / Hayd 22nd Nov,2m Hcap Hrd,22-11-2014 12:10,5491520,Moujik Borget,0,4.4,4.18967141310519320765901631268159336794,4.40701874570585456606497406221974084219,4.75,3.75,1000,4.1,9300.66,125620.72,16984.88
116436321,GB / Hayd 22nd Nov,3m Grd3 Hcap Hrd,22-11-2014 14:25,337309,Upswing,0,30.696721624787894,14.5541202300233795539957826474771385336,12.2782592440911151026428225422578420332,34,11.5,1000,11,25354.62,72505.5,12314.14
116436321,GB / Hayd 22nd Nov,3m Grd3 Hcap Hrd,22-11-2014 14:25,6802706,Shimla Dawn,0,15.685277588191706,16.1867128393812334927616276957242070573,20.8087430662444187554085702706044614132,26,15,1000,10,4439.2,33462.92,6292.64
116436321,GB / Hayd 22nd Nov,3m Grd3 Hcap Hrd,22-11-2014 14:25,6175719,Uncle Jimmy,0,47.24190981948996,34.2392339755642278891093662483815434777,39.9309288775604136759911675778384793842,55,29,1000,34,1716.8,12431.38,1019.58
116436323,GB / Hayd 22nd Nov,3m1f Grd1 Chs,22-11-2014 15:00,5146653,Double Ross,0,26,22.7022896770682607210894194728588937226,27.3334446664148420500988108903665157438,34,23,1000,24,6585.68,28587.72,4535.66
116461918,GB / Ling 22nd Nov,7f Hcap,22-11-2014 14:00,6545710,Black Truffle,0,30.00624851122729,29.6076046462607302657851306448423977428,19.8092343771979830054963973089712067437,34,16.5,1000,36,117.36,8420.52,550.1
116461910,GB / Ling 22nd Nov,1m Sell Stks,22-11-2014 11:50,8026839,La Favorita,0,6.6,6.8658166983123602265276986232424826448,9.73076797760574223870767063441829126681,10.5,6,690,2.9,866.68,31176.2,6107.68
116461912,GB / Ling 22nd Nov,5f Mdn Stks,22-11-2014 12:20,8935916,Mon Petit Fleur,0,369.5270011648455,245.188198519193740185107585398393852249,95.6822668854940865216260593676337521774,450,70,700,50,39.98,1325.9,260.4
116461916,GB / Ling 22nd Nov,7f Hcap,22-11-2014 13:25,4043530,Indus Valley,0,15.795647613,15.8945922416408417178090111182472744687,12.1921697640398530403462741818122100696,23,15.5,1000,15,201.92,17809.46,673.78
116461916,GB / Ling 22nd Nov,7f Hcap,22-11-2014 13:25,8086265,Honiton Lace,0,150.78700304835104,113.609611555700371663248467829255761361,38.4607954309226097954809406859483184535,170,65,690,3,32.22,2764.7,3525.08
116461920,GB / Ling 22nd Nov,1m Hcap,22-11-2014 14:35,6438777,Starlight Symphony,0,25.584804404824176,25.0394334622507907779507477833383926892,16.6189862295189575466271789965853589236,34,13.5,1000,8,573.86,12628.38,2367.26
116461920,GB / Ling 22nd Nov,1m Hcap,22-11-2014 14:35,7539769,Miss Buckshot,0,5.47362414911109,5.07150441358903780736124107523068017542,5.40028829964746980987397546955822926876,7,4.6,1000,4,1069.24,87308.68,8026.62
116461922,GB / Ling 22nd Nov,5f Hcap,22-11-2014 15:10,6060,Clearing,0,6.884688122784063,6.00703153999634870681751490013138671552,6.8322948093853712659296917011560809143,7.2,5.7,1000,3.1,581.44,118046,5778.98
116461924,GB / Ling 22nd Nov,6f Hcap,22-11-2014 15:45,6745319,Bubbly Bailey,0,4.1,3.94415187061344450914036825042008587673,6.66256832532767631931593866158139293882,8.6,3.65,1000,1.52,4352.8,271649.78,43224.78
116461924,GB / Ling 22nd Nov,6f Hcap,22-11-2014 15:45,7419848,Lucky Surprise,0,32.527910674,26.7695598433095923538041352670992245035,16.8370300208455920553177619322700751999,40,16,750,32,172.4,10760.48,144.78
116461924,GB / Ling 22nd Nov,6f Hcap,22-11-2014 15:45,7627279,Pastoral Dancer,0,116.42507043921185,124.246800500452400126223471956479431002,47.4009502406685546262726201325628059612,220,70,780,120,11.34,2917.58,85.58
116462726,GB / Wolv 22nd Nov,6f Hcap,22-11-2014 17:45,5157541,Mount Hollow,0,32,22.2005949500724745493546761024455804812,12.3762479569983736222663012643816351957,36,14,990,38,128.82,12828.04,130.66
116462726,GB / Wolv 22nd Nov,6f Hcap,22-11-2014 17:45,6547843,Honeymoon Express,0,99.78450965821276,54.2761742684825649775125272630932946099,32.9172196524136373422752109935908344423,110,36,970,970,14.82,2801.78,13.76
116462734,GB / Wolv 22nd Nov,1m Mdn Stks,22-11-2014 19:45,9011182,Stay Strong,0,6.30169287338307,5.17872682590086255029394285312393678937,4.12887183308477146414102256428230041321,6.6,3.8,720,5.9,1608.82,81235.86,2041.28
116462728,GB / Wolv 22nd Nov,5f Hcap,22-11-2014 18:15,7277927,Gregori,0,60,44.0673605868466943565579124390127910852,25.9764447678494990671355507197161462956,85,27,790,60,78,4209.22,90.78
116462730,GB / Wolv 22nd Nov,6f Nursery,22-11-2014 18:45,8504163,Barchan,0,3.820425786,3.59369529436455788084941409975020687146,3.55820605561481751663271588459426503606,4,3.3,450,1.9,1130.12,133238.52,8085.96
116462730,GB / Wolv 22nd Nov,6f Nursery,22-11-2014 18:45,8819537,The Fairy,0,3.1,2.88479914671855537696118064756210288409,3.1249753768989623725899828254927927934,3.3,2.54,690,2.04,768.2,306740.78,13879.52
116462736,GB / Wolv 22nd Nov,2m Hcap,22-11-2014 20:15,4816165,Honest Strike,0,19.845353612261828,20.5214037257397294727152195381046357891,18.1387164698519675239550948106951712441,28,17.5,1000,4,46,8828.02,2536.38
116462736,GB / Wolv 22nd Nov,2m Hcap,22-11-2014 20:15,6702589,Yorkshireman,1,15.813771025218086,15.7049620407928304087158352655118306893,13.6440570388840319619516779289315700904,20,11,10,1.01,59.62,11850.88,41294.32
116462738,GB / Wolv 22nd Nov,1m Claim Stks,22-11-2014 20:45,7382667,Boogangoo,0,38.769203728,30.1059579644897734761491759180052604199,1,46,30,690,2.08,0,7998.08,4813.28
116462738,GB / Wolv 22nd Nov,1m Claim Stks,22-11-2014 20:45,6935874,Newforge House,0,306.12470698759887,202.333347315279999556519353223982998797,110.58859096616486424854057915489760154,490,68.04,1000,670,21.96,1761.7,28.18
116462738,GB / Wolv 22nd Nov,1m Claim Stks,22-11-2014 20:45,7287068,Tee It Up Tommo,0,5.6,4.34630879208883827618298564824612937463,3.9995757454026000209558186803957258774,5.6,3.8,990,4,73.76,96406.94,4733.36
116462738,GB / Wolv 22nd Nov,1m Claim Stks,22-11-2014 20:45,5699209,Naoise,0,3.75,3.68613333242656776636401289906862450409,4.92143177832662118214143160309852274089,5.2,3.5,1000,3.3,205.24,123884.72,7840.96
116473784,GB / Ascot 22nd Nov,2m3f Grd2 Chs,22-11-2014 14:05,5136175,Rajdhani Express,0,6.2,4.92586010911716661264469556434697215539,4.89834014207552015283122149255093385934,6.4,4.3,1000,3,21320.04,181958.52,42961.58
116473788,GB / Ascot 22nd Nov,2m1f Hcap Chs,22-11-2014 15:15,4115105,Brick Red,0,6.2,5.84310722067889829980182150849112111308,6.17756800513805843402758365752642711627,7,5.6,1000,5.7,44305.84,239275.86,17853.46
116473788,GB / Ascot 22nd Nov,2m1f Hcap Chs,22-11-2014 15:15,5105888,Fair Dilemma,0,29.267253335587753,17.985866392979163343523633848612471372,19.0260744023998368731848211477213526215,34,15.5,1000,5.5,614.26,29077.94,5963.86
116473790,GB / Ascot 22nd Nov,2m NHF,22-11-2014 15:50,9016292,Bekkensfirth,0,18.822318083737336,16.6828407338287620894111480948633095605,19.1188069188917562549741203527696602715,30,15.5,1000,8,66.8,10722.56,5977.68
116473790,GB / Ascot 22nd Nov,2m NHF,22-11-2014 15:50,9016293,Gold Present,0,14.5,12.2691320211968044769931227697988175085,8.47512899833889485290366619723634858694,18,10,1000,2.3,151.44,17738.78,9661.04
116475527,GB / Hunt 22nd Nov,3m2f Hcap Hrd,22-11-2014 14:50,5676650,Kingscombe,0,8.986386982,8.73645383182389540893131082129470344915,9.51248229483961736019705911291713137981,13,8.2,1000,6,186.1,27648.94,7086.12
116475517,GB / Hunt 22nd Nov,2m4f Nov Hrd,22-11-2014 12:00,630368,Cabaret Girl,0,3.15,3.15702552845389323773236533036817034657,3.52520638959303773271053842239858901055,4,3.1,1000,2.34,3159.5,117621.88,37852.46
116475521,GB / Hunt 22nd Nov,2m Nov Hcap Chs,22-11-2014 13:10,5477796,Frizzo,1,6,6.31228091156667230499575160024903414866,4.95048843866792899465938659655150599699,7.2,4.9,5.9,1.01,577.36,47172.58,216428.44
116475521,GB / Hunt 22nd Nov,2m Nov Hcap Chs,22-11-2014 13:10,6025445,Forward Flight,0,4.4,4.24618175705121687901166064108734415306,5.16700070525458478634368407465336160631,5,4,1000,4,315.18,94478.22,10457.62
116475525,GB / Hunt 22nd Nov,3m6f Hcap Chs,22-11-2014 14:15,5910305,Smart Exit,0,6.679146096364059,6.09149003915952047832465282194904515955,5.08269549299168950428687807744765024973,7.4,4.3,1000,4.1,763.44,56372.26,39184.44
116475529,GB / Hunt 22nd Nov,1m6f NHF,22-11-2014 15:25,8933272,Rustamabad,0,3.7,3.37889063324897590168570149960778516471,2.7345717367242433761707542527210386212,4.3,2.82,1000,2.34,865.56,120121.66,30145.94
116475529,GB / Hunt 22nd Nov,1m6f NHF,22-11-2014 15:25,8381618,Arthamint,0,15,19.6066860602917121990371039085613092978,19.0033806068803409647012429506164525207,40,15,820,9.4,61.28,16710.58,9628.6
116491342,GB / Daily Win Dist Odds,Wolverhampton,22-11-2014 17:45,2395992,Less than 10 lengths,0,,2.49256178834116406843468140127175858309,1,2.5,2.36,1,1001,0,538.84,10
116489672,GB / Daily Win Dist Odds,Ascot,22-11-2014 12:25,2723643,Less than 32 lengths,0,,2.53434482758620689655172413793103448276,2.39999983200002015999758080029030396516,3,2.3,1,1001,40,2320,0
116489908,GB / Daily Win Dist Odds,Huntingdon,22-11-2014 12:00,2389766,More than 49 lengths,0,,2.90618337933149340693038945108862312174,1,1,1001,1,1001,0,326.1,0
116436315,GB / Hayd 22nd Nov,3m5f Hcap Chs,22-11-2014 12:45,5320752,Emperors Choice,0,7.8,7.00280765353195218561122341562831410513,8.21363533765729376939466891539118172579,9.2,6.4,1000,3.1,2950.12,52025.5,34403.16
116436315,GB / Hayd 22nd Nov,3m5f Hcap Chs,22-11-2014 12:45,6761276,Gas Line Boy,1,6.771768195,5.99892324653533231718920116205487902158,5.03541056452718750604911905109353289265,7,4.37,6.4,1.01,3198.16,63864.54,229237.62
116436317,GB / Hayd 22nd Nov,2m4f Hcap Hrd,22-11-2014 13:15,7236615,Dawalan,0,6.4,6.06117682011165186990888081592665685911,5.26329356280188441120786240925763817861,7.6,3.89,1000,5,6630.38,120753.44,19972.08
116436317,GB / Hayd 22nd Nov,2m4f Hcap Hrd,22-11-2014 13:15,7164860,Run Ructions Run,0,21.39140492176994,17.7364111224415793230006413656075149368,16.6909088516855048441812102663477682554,24,15,1000,2.04,919.58,16521.98,13496.08
116436325,GB / Hayd 22nd Nov,3m1f Hcap Chs,22-11-2014 15:35,4538395,Lackamon,0,20.29655119920382,15.8268815166101952028855180560464591678,18.2619754797947302875978625863801705715,23,14,1000,14,459.24,21232.58,5112.84
116436325,GB / Hayd 22nd Nov,3m1f Hcap Chs,22-11-2014 15:35,4549597,Rose Of The Moon,0,16.09016883175454,14.0179577204517227746542290972825261861,13.058745717092626083209240132021958157,18.5,11.69,1000,16,1034.44,25397.5,2331.4
116436325,GB / Hayd 22nd Nov,3m1f Hcap Chs,22-11-2014 15:35,5498673,Forgotten Gold,0,29.345873723456315,25.2581700316793311179942368497956268841,22.6529147581495076568860952571381437618,36,21.58,1000,11,309.86,11674.68,2164.24
116436313,GB / Hayd 22nd Nov,2m Hcap Hrd,22-11-2014 12:10,5045742,Getabuzz,0,13,14.5085288441408834761318015560952297358,15.6746271708017454835992358070512939583,18.5,13,1000,4,577.1,13735.32,6186.38
116436323,GB / Hayd 22nd Nov,3m1f Grd1 Chs,22-11-2014 15:00,4038626,Menorah,0,13.5,11.5207564445008767122097752596206567511,12.1008364309448753699146876497027761654,14,10,1000,1.22,19164.62,100263.32,69590.26
116436323,GB / Hayd 22nd Nov,3m1f Grd1 Chs,22-11-2014 15:00,5030152,Dynaste,0,6.4,5.84111910039584677415224133638579868638,5.61266855842008423628320280535549020305,7.2,4.9,1000,5,33102.82,192710.98,27929.96
116461918,GB / Ling 22nd Nov,7f Hcap,22-11-2014 14:00,6465009,Skidby Mill,0,7.4,7.90725054980108261479122402338807856251,8.16435108721737798575447752118115891898,8.6,7.2,1000,7.8,406.56,46055.78,3418.86
116461910,GB / Ling 22nd Nov,1m Sell Stks,22-11-2014 11:50,8832388,Skylight,1,2.74,2.65552394655592169625341156624511985744,3.07623467499875348422011838558790515745,3.25,2.38,2.72,1.01,4020,172206.76,80689.1
116461910,GB / Ling 22nd Nov,1m Sell Stks,22-11-2014 11:50,8854090,Funtime Barry,0,45.685455695,39.9904524356319431612299031423397395957,33.5136165809024087338098441901004851272,50,30,1000,34,200.72,2683.44,325.2
116461912,GB / Ling 22nd Nov,5f Mdn Stks,22-11-2014 12:20,8472479,Mary Ann Bugg,0,1000,590.680628047898299467508024450285530174,185.748340760031182137525338483468303617,1000,80,1000,1000,30.7,1050.8,24.44
116461920,GB / Ling 22nd Nov,1m Hcap,22-11-2014 14:35,8430797,Semaral,1,4.6,4.39984587154571701551224508835947909578,5.49022171378368615875415422075545438458,6.2,4.3,14,1.01,1295.4,112027.24,65012.66
116461920,GB / Ling 22nd Nov,1m Hcap,22-11-2014 14:35,7185305,Evacusafe Lady,0,46.41101075185506,42.3048851581824152303417530376341250039,34.2483233503680884461442926139110620881,65,40,100,18,133.4,6009.56,746.42
116461922,GB / Ling 22nd Nov,5f Hcap,22-11-2014 15:10,7281452,Searchlight,1,3.45,3.54403812539170913570799629807659041194,5.57593048124234345766355358424231851383,5.8,3.4,5.8,1.01,1482,327917.1,74144.36
116461922,GB / Ling 22nd Nov,5f Hcap,22-11-2014 15:10,3048059,Triple Dream,0,110.47318420968165,83.0616107918234925020357189065054525783,37.6250611832668846078673622277980288343,120,34,480,110,116.02,5090.98,56.52
116461922,GB / Ling 22nd Nov,5f Hcap,22-11-2014 15:10,5013870,Clear Praise,0,50.707249415,41.5673800147331886649024475025247621168,30.6690280738342702392014493576680364257,70,23,1000,55,346.4,6744.12,224.5
116462726,GB / Wolv 22nd Nov,6f Hcap,22-11-2014 17:45,4905122,Invincible Ridge,0,3.7459265074435284,3.95354167590848029582049008751152748944,5.8148205325961627617714002646813873871,6.6,3.6,1000,2,671.86,140015.76,12997.24
116462726,GB / Wolv 22nd Nov,6f Hcap,22-11-2014 17:45,2503257,First In Command,0,143.57174333632923,74.1502452188941075367134623318720022179,33.0628379624868129120738417924776395538,150,42,1,1001,12,2340,15
116462726,GB / Wolv 22nd Nov,6f Hcap,22-11-2014 17:45,7327214,Thataboy,0,6.832271193163194,5.51917078847450677893063618769931038556,5.63690836243879272304171603092529066576,7.4,4.8,1000,8,2685.56,70184.9,1080.14
116462734,GB / Wolv 22nd Nov,1m Mdn Stks,22-11-2014 19:45,9011183,Dexterous,0,42,36.2824699767614684125816286210028261421,18.7207047469401202154282770017740020285,50,22,1000,40,38.58,6144.24,232.9
116462730,GB / Wolv 22nd Nov,6f Nursery,22-11-2014 18:45,8612570,Little,0,7.431379149,9.89231656450167127136055715776495835134,11.816702022906817015151232706536967963,27,7.4,1000,4.5,48,54288.74,2932.28
116462732,GB / Wolv 22nd Nov,1m Mdn Stks,22-11-2014 19:15,8947561,Vanishing,0,29.07488399977789,17.1098208155844328316396012179444138303,11.8136531875246375882207822412433559586,34,10.5,110,8,651.5,19648.86,922.2
116462732,GB / Wolv 22nd Nov,1m Mdn Stks,22-11-2014 19:15,9011179,Takahiro,0,170.7299838304892,92.1645975596171600345480275009755906815,13.7301055091254398840796577692422349954,170,36,1000,36,109.24,2428,234.76
116462736,GB / Wolv 22nd Nov,2m Hcap,22-11-2014 20:15,8837271,Blue Valentino,0,38.69392200636052,46.2488122564530842161346210962916877975,22.4385629597139191687565551668066238576,70,34,1000,25,10.56,3568.62,495.62
116473778,GB / Ascot 22nd Nov,2m6f Nov Hrd,22-11-2014 12:25,8899812,Ballycoe,0,7.323814189888807,7.39759056573601999434988632167485334132,6.56190577781093275887790531604222757137,8.4,6,1000,6,2270.58,51003.5,12311.04
116473780,GB / Ascot 22nd Nov,3m Nov Hcap Chs,22-11-2014 13:00,8071310,Son of Suzie,0,5.630712108705011,5.56854419063868632846839954007390847516,6.13277183071525070202425797326262377163,8,4.7,1000,4.5,6370.5,122304.96,18574.12
116473780,GB / Ascot 22nd Nov,3m Nov Hcap Chs,22-11-2014 13:00,8153926,Big Hands Harry,1,2.9666359978635963,3.05046124487576045831763004838669462749,3.86319353819786551626343628025061853122,4.2,2.86,430,1.01,3562.54,369979.56,182107.62
116473780,GB / Ascot 22nd Nov,3m Nov Hcap Chs,22-11-2014 13:00,5333747,Polisky,0,12.418477433653138,11.5489538754455739350081393833141606279,6.51900601735767597600640778797508485214,15,6.2,1000,1.03,1742.86,50346.54,124776.62
116473786,GB / Ascot 22nd Nov,2m3f Grd2 Hrd,22-11-2014 14:40,5989781,Lac Fontana,0,15,13.929386444547037552349742116010816159,9.23575695163212651733485697820681490998,16.5,8.4,1000,12.5,1219.72,46568.38,5803.6
116473788,GB / Ascot 22nd Nov,2m1f Hcap Chs,22-11-2014 15:15,5045284,Oscar Hill,0,11.435934506,10.5350075923920594451872230270329348292,14.1888851568230756447648550601841938474,15.5,9.4,900,6,906.04,64199.88,14047.9
116475527,GB / Hunt 22nd Nov,3m2f Hcap Hrd,22-11-2014 14:50,5105674,Flemi Two Toes,0,6.003142016464842,5.90679865528337353065509750931397278307,8.18300426815691073148715304278194277189,8.2,5.3,1000,4.3,136.72,66222.1,14248.92
116475523,GB / Hunt 22nd Nov,2m Hcap Hrd,22-11-2014 13:40,3752097,Mount Welcome,0,15.743512322,13.9721288326435016445708721997945966063,9.96352480525359909445410849325014367268,17.5,8.4,1000,2.92,550.08,20293.92,15744.88
116475523,GB / Hunt 22nd Nov,2m Hcap Hrd,22-11-2014 13:40,4799940,Into The Wind,0,11,10.7577903725968009682147665752387111528,5.1843613618795102046897409903045589521,12.5,5.1,990,3.4,397.78,28549.7,12377.82
116475523,GB / Hunt 22nd Nov,2m Hcap Hrd,22-11-2014 13:40,8145920,Be A Dreamer,0,9.4,10.0418495041883903961805651906498153529,13.7448731104326067609833109929752276071,14,9,1000,3,168,33718.24,14808.02
116475529,GB / Hunt 22nd Nov,1m6f NHF,22-11-2014 15:25,8371174,Red Hott Robbie,0,100,100.444679633651854265939504281218220566,116.456437014353737043674832194678472222,240,55,1000,80,10,2100.6,694.14
116491342,GB / Daily Win Dist Odds,Wolverhampton,22-11-2014 17:45,2388707,More than 14 lengths,0,,3.35062143966856551009839461418953909891,1,1,1001,1,1001,0,231.72,0
116489907,GB / Daily Win Dist Odds,Lingfield,22-11-2014 11:50,2394129,Less than 8 lengths,1,,2.66210526315789473684210526315789473684,1,2.7,2.7,1,1001,0,304,0
116489907,GB / Daily Win Dist Odds,Lingfield,22-11-2014 11:50,2394131,More than 11 lengths,0,,3.11564700359881082772649037709278673134,1,3.1,3.1,1,1001,0,255.64,0
116489907,GB / Daily Win Dist Odds,Lingfield,22-11-2014 11:50,2399561,8 - 11 lengths inclusive,0,,2.9,1,1,1001,1,1001,0,6.34,0
116436315,GB / Hayd 22nd Nov,3m5f Hcap Chs,22-11-2014 12:45,5129455,Dark Glacier,0,10.192124963183463,9.34215223650420803057109209229190912763,8.60635768581378571843503880121013340316,13.5,7.6,1000,8.6,1854.9,47632.88,7065.52
116436315,GB / Hayd 22nd Nov,3m5f Hcap Chs,22-11-2014 12:45,6001631,No Duffer,0,4.337005667227221,4.57759304555614903907655726819839021434,5.54824374076585106437592658173693956622,6,4.2,1000,3.05,7887.9,194014.82,54647.94
116436317,GB / Hayd 22nd Nov,2m4f Hcap Hrd,22-11-2014 13:15,3855398,Viva Colonia,0,131.541151304,83.7800397460628173706064331706500236742,54.4734200175430041719739480365707923264,160,42.77,1000,44,282.78,3737.82,1285.04
116436325,GB / Hayd 22nd Nov,3m1f Hcap Chs,22-11-2014 15:35,6323529,Masters Hill,0,3.35,3.56007901804489152598427690961442645724,4.41963794601435325891447741294158797075,5.12,3.25,1000,2.72,18988.38,473937.32,85364.92
116436313,GB / Hayd 22nd Nov,2m Hcap Hrd,22-11-2014 12:10,3486470,Zafranagar,0,15.484253208182764,14.0799489927260021427887063259864602307,9.93779885267632093481310574215676877123,18,8.8,900,11,1452.22,20457.68,2988.02
116436319,GB / Hayd 22nd Nov,2m Hrd,22-11-2014 13:50,6256294,Melodic Rendezvous,0,7,6.80902017725124873852222772189358546272,7.13146568663404577559907315734766081396,8.02,5.41,1000,6.4,10221.48,177407.3,13330.68
116436321,GB / Hayd 22nd Nov,3m Grd3 Hcap Hrd,22-11-2014 14:25,1390715,Big Easy,0,8.6,9.16392727125741179375107443644798594141,10.4716411897207807345764873821574679064,12.5,8,1000,2.02,14359.6,124604.58,36256.1
116436321,GB / Hayd 22nd Nov,3m Grd3 Hcap Hrd,22-11-2014 14:25,4639961,Dara Tango,0,38,24.3327111279457588750016040698618389588,17.8055883700840372021312293334039635377,40,14,1000,3,4304.62,26391.3,10651.9
116436321,GB / Hayd 22nd Nov,3m Grd3 Hcap Hrd,22-11-2014 14:25,6129004,One For Harry,0,64.90828834126532,50.0100113639136520837388624119642099673,59.9127356031903433841203587386390934298,85,30,1000,32,1027.18,8723.6,1940.94
116436321,GB / Hayd 22nd Nov,3m Grd3 Hcap Hrd,22-11-2014 14:25,7879052,Spirit of Shankly,0,18.70858929422102,17.473426082889145890389693954561550381,20.1614323410918403407312021398826136782,24,17,1000,17,4068.56,23171.06,2521.32
116436323,GB / Hayd 22nd Nov,3m1f Grd1 Chs,22-11-2014 15:00,5691736,Taquin Du Seuil,0,5.7986936157573306,5.5884753278689147530602496872080538113,5.76068131652244797899686451512440643302,7.2,4.9,1000,5.3,76407.4,298865.5,31478.06
116461918,GB / Ling 22nd Nov,7f Hcap,22-11-2014 14:00,4844425,Major Muscari,0,7.6,8.31614959536074934873538280499411755439,10.0031266696810145453953980471730108866,15.5,7,510,2.22,1411.88,53516.92,14944.84
116461912,GB / Ling 22nd Nov,5f Mdn Stks,22-11-2014 12:20,8930613,Hurricane Alert,0,1.5840641866174303,1.5412669325755829307665556116919449576,1.83698720704087897381878974496152072249,1.95,1.51,1000,1.3,9383.16,518416.5,49130.24
116461912,GB / Ling 22nd Nov,5f Mdn Stks,22-11-2014 12:20,8861766,Equita,0,186.4036235755653,165.541409369712736501760839218861247465,108.860420668092596272374614934958527144,290,90,1000,28,31.32,1636.8,687.76
116461912,GB / Ling 22nd Nov,5f Mdn Stks,22-11-2014 12:20,8821221,Glenbuck Lass,0,66.06508881536242,47.896045346146525291235435678481231364,44.0649239882736433211040226301252513175,95,46,900,30,54.6,4765.2,524.3
116461914,GB / Ling 22nd Nov,7f Cond Stks,22-11-2014 12:55,8688412,Fieldsman,0,8.018639382771571,7.84052560578508940628406458596775276043,5.91403390897033660183451047174219402727,9.8,5.3,1000,6,961.82,59627.44,4853.16
116461920,GB / Ling 22nd Nov,1m Hcap,22-11-2014 14:35,7539782,Pretty Bubbles,0,36.22669151889386,30.6635642186846727375695152332638517239,25.5272004773628861070516490233852101368,50,22,1000,34,133.8,9457.32,1102.42
116461924,GB / Ling 22nd Nov,6f Hcap,22-11-2014 15:45,7056963,Purford Green,0,60,67.3644234377021804196819088983584095367,50.4930264685694737223337581930212760016,120,46,1000,60,11,4066.54,603.84
116461924,GB / Ling 22nd Nov,6f Hcap,22-11-2014 15:45,4799922,Chevise,1,6.2894372765730715,6.400824426977728252888386178499135762,7.86279309262327017036332507798126171895,8.2,6,16,1.01,324.66,66253.26,39342.96
116461924,GB / Ling 22nd Nov,6f Hcap,22-11-2014 15:45,4733118,Catalinas Diamond,0,8,7.13856300198392926244442159979384310716,6.91502238837657024383133254946555897552,8.8,5.9,1000,6.4,228.16,57645.12,1789.68
116462726,GB / Wolv 22nd Nov,6f Hcap,22-11-2014 17:45,5444181,Thorpe Bay,0,18.75201072236305,13.6075138421077427016095277046270124293,9.29154524688813461073892410597059203257,21,11,700,2.26,147.5,20495.28,4480.5
116462728,GB / Wolv 22nd Nov,5f Hcap,22-11-2014 18:15,2380688,Secret Asset,0,32.62193449354616,27.2630548379704538341362867767411922474,27.5788535993054814862133511605970705499,44,23.21,30,30,64.32,6418.46,90.6
116462728,GB / Wolv 22nd Nov,5f Hcap,22-11-2014 18:15,7450480,It Must Be Faith,0,3,2.96390139568490970686103634364445025215,3.88379154854311158728875967672222764566,4.06,2.84,1000,2.5,4909.7,388658.28,10574.16
116462728,GB / Wolv 22nd Nov,5f Hcap,22-11-2014 18:15,6526664,Megaleka,0,49.577768157618706,36.6920801384118138938149987478509375692,25.5957038545523685186369909259124466405,70,22.24,1000,12,84.42,4955.16,302.78
116462728,GB / Wolv 22nd Nov,5f Hcap,22-11-2014 18:15,7427652,Boom The Groom,1,9.4,6.86173485162072672737135676730842674433,6.52529013802753768357473649078857641641,10,5.7,9.2,1.01,910.12,63565.14,36746.66
116462728,GB / Wolv 22nd Nov,5f Hcap,22-11-2014 18:15,6470977,Smart Daisy K,0,32,22.7451463481969747548267178506840826085,15.7921714203681734355054991642993369206,34,15,95,11.5,155.96,8549.32,432.38
116462730,GB / Wolv 22nd Nov,6f Nursery,22-11-2014 18:45,8421847,Low Cut Affair,0,37.346212632124946,37.4158029301687565861767310466546734697,13.2044168007665765629652952762031394905,46,13,1000,20,59.66,7690.32,488.78
116462732,GB / Wolv 22nd Nov,1m Mdn Stks,22-11-2014 19:15,8642443,Mountainside,0,5.8,6.424284401661561867322007872208435152,15.5445759753568594512874185709536763827,15.5,5.5,1000,1.5,172.64,75787.72,12039.82
116462732,GB / Wolv 22nd Nov,1m Mdn Stks,22-11-2014 19:15,8848584,Regal Ways,0,105.30141598153863,56.7493001699428963120461767205791583583,29.6207026534481184387275962634723350578,110,25,1000,24,69.68,4241,651.9
116462732,GB / Wolv 22nd Nov,1m Mdn Stks,22-11-2014 19:15,8850787,Perceus,0,5.15577859826375,5.26692979865044965617203703223769979476,3.56316098659736960201310286444405754728,7,3.25,1000,2.52,514.62,106227.32,5804.32
116462736,GB / Wolv 22nd Nov,2m Hcap,22-11-2014 20:15,3146101,Weybridge Light,0,36.90707284314732,35.3991335992040775556724581958310955672,13.8916878236671089721347555104028446208,42,19.5,85,19,8,5713.14,512.34
116462740,GB / Wolv 22nd Nov,1m4f Hcap,22-11-2014 21:15,7440315,Sakhra,0,3.722740380746946,3.91749423431744193384098897597156840541,5.05722411594017313153084538187292937966,5.4,3.7,690,1.5,151.46,150808.52,26869.56
116462740,GB / Wolv 22nd Nov,1m4f Hcap,22-11-2014 21:15,7536943,Well Owd Mon,1,8.032691274202298,7.85471834853243349615067988779971054241,16.6089239386114488519995563833515294225,19.5,6.6,22,1.01,46.78,62807.16,38998.78
116462740,GB / Wolv 22nd Nov,1m4f Hcap,22-11-2014 21:15,4781697,Pahente,0,28.24259487,19.9806923989165488414655152260547429932,11.2770877585183847920415019146801134416,32,10.5,1000,14,109.9,12065.62,263.26
116462740,GB / Wolv 22nd Nov,1m4f Hcap,22-11-2014 21:15,6557505,Anjuna Beach,0,165.782866731,79.2294265564356003171474772706970054208,25.9984042685275256596120614300787133088,190,27,690,2.8,6,2788.48,4915.46
116473782,GB / Ascot 22nd Nov,2m6f Hcap Hrd,22-11-2014 13:30,5445276,Dark Spirit,1,3.2,3.11548018161912881985808602884036431046,4.13425640674894919120622261751188147391,5.29,3,3.7,1.01,6566.46,338652.16,164428.72
116473782,GB / Ascot 22nd Nov,2m6f Hcap Hrd,22-11-2014 13:30,6936078,Woodland Walk,0,6.716401684700685,6.4129068530855137228010875121549809384,7.08704741990051642488118743783476387546,7.8,6.4,1000,3.5,3206.28,68814.84,22561.76
116473784,GB / Ascot 22nd Nov,2m3f Grd2 Chs,22-11-2014 14:05,2921600,Somersby,0,11.70952840640196,10.0530683875759042904292050739375315067,8.47884205804274497419239409216353961494,12.5,8,1000,5.6,6540.52,50633.52,16940.42
116473784,GB / Ascot 22nd Nov,2m3f Grd2 Chs,22-11-2014 14:05,5477797,Bury Parade,0,7,8.10108207055470525667890691834119264064,9.82732103677720890316042499844999713077,12,7,1000,6.4,29359.28,128559.92,26108.54
116473786,GB / Ascot 22nd Nov,2m3f Grd2 Hrd,22-11-2014 14:40,6871369,Faugheen,1,1.25,1.28086394048010355656262429937219910209,1.34424764203991946870795100541754959015,1.38,1.24,1.27,1.01,87524.5,1433176.5,256111.62
116473788,GB / Ascot 22nd Nov,2m1f Hcap Chs,22-11-2014 15:15,5991567,Croco Bay,1,10.910761105,10.4508737867537054172701099052872050441,18.7922912814519002978772926645534770701,20,9.6,10.5,1.01,618.86,58985.74,150797.62
116475521,GB / Hunt 22nd Nov,2m Nov Hcap Chs,22-11-2014 13:10,4073202,Right Step,0,14.835957808740606,16.2938406791895070782739156104408582763,13.4309570362885870413022002606543299723,18.5,13,1000,7,99.78,14729.96,6998.12
116475529,GB / Hunt 22nd Nov,1m6f NHF,22-11-2014 15:25,9016301,Buckenhill,0,6.9286739031145395,7.52291977202139641711748734553874651911,7.22689601406419826965322450060434502756,10,6.2,1000,5,64.04,44332.9,9200.5
